@@Main,,,,,,,,,,,,,,,,,,,,,,,,,,,,,,,,,,,,,,,,,,,,,,,,,,,,,,,,,,,,,,,,,,,,,,,,,,,,,,,,,,,,,,,,,,,,,,,,,,,,,,,,,,,,,,,,,,,,,,,,,,,,,,,,,,,,,,,,,,,,,,,,,,,,,,,,,,,,,,,,,
ReportingNode,Year,Month,,,,,,,,,,,,,,,,,,,,,,,,,,,,,,,,,,,,,,,,,,,,,,,,,,,,,,,,,,,,,,,,,,,,,,,,,,,,,,,,,,,,,,,,,,,,,,,,,,,,,,,,,,,,,,,,,,,,,,,,,,,,,,,,,,,,,,,,,,,,,,,,,,,,,,,,,,,,,,,
CH,2021,3,,,,,,,,,,,,,,,,,,,,,,,,,,,,,,,,,,,,,,,,,,,,,,,,,,,,,,,,,,,,,,,,,,,,,,,,,,,,,,,,,,,,,,,,,,,,,,,,,,,,,,,,,,,,,,,,,,,,,,,,,,,,,,,,,,,,,,,,,,,,,,,,,,,,,,,,,,,,,,,
@@Cashflow,,,,,,,,,,,,,,,,,,,,,,,,,,,,,,,,,,,,,,,,,,,,,,,,,,,,,,,,,,,,,,,,,,,,,,,,,,,,,,,,,,,,,,,,,,,,,,,,,,,,,,,,,,,,,,,,,,,,,,,,,,,,,,,,,,,,,,,,,,,,,,,,,,,,,,,,,,,,,,,,,
DataNode,AmountType,EstimateType,AocType,Novelty,AccidentYear,Values0,Values1,Values2,Values3,Values4,Values5,Values6,Values7,Values8,Values9,Values10,Values11,Values12,Values13,Values14,Values15,Values16,Values17,Values18,Values19,Values20,Values21,Values22,Values23,Values24,Values25,Values26,Values27,Values28,Values29,Values30,Values31,Values32,Values33,Values34,Values35,Values36,Values37,Values38,Values39,Values40,Values41,Values42,Values43,Values44,Values45,Values46,Values47,Values48,Values49,Values50,Values51,Values52,Values53,Values54,Values55,Values56,Values57,Values58,Values59,Values60,Values61,Values62,Values63,Values64,Values65,Values66,Values67,Values68,Values69,Values70,Values71,Values72,Values73,Values74,Values75,Values76,Values77,Values78,Values79,Values80,Values81,Values82,Values83,Values84,Values85,Values86,Values87,Values88,Values89,Values90,Values91,Values92,Values93,Values94,Values95,Values96,Values97,Values98,Values99,Values100,Values101,Values102,Values103,Values104,Values105,Values106,Values107,Values108,Values109,Values110,Values111,Values112,Values113,Values114,Values115,Values116,Values117,Values118,Values119,Values120,Values121,Values122,Values123,Values124,Values125,Values126,Values127,Values128,Values129,Values130,Values131,Values132,Values133,Values134,Values135,Values136,Values137,Values138,Values139,Values140,Values141,Values142,Values143,Values144,Values145,Values146,Values147,Values148,Values149,Values150,Values151,Values152,Values153,Values154,Values155
DTP1.1,PR,BE,MC,I,,0,110,0,0,110,0,0,110,0,0,110,0,0,110,0,0,110,0,0,110,0,0,110,0,0,110,0,0,110,0,0,110,0,0,110,0,0,110,0,0,110,0,0,110,0,0,110,0,0,110,0,0,110,0,0,110,0,0,110,0,0,110,0,0,110,0,0,110,0,0,110,0,0,110,0,0,110,0,0,110,0,0,110,0,0,110,0,0,110,0,0,110,0,0,110,0,0,110,0,0,110,0,0,110,0,0,110,0,0,110,0,0,110,0,0,110,0,0,110,0,0,110,0,0,110,0,0,110,0,0,110,0,0,100.8333333,0,0,87.08333333,0,0,73.33333333,0,0,59.58333333,0,0,45.83333333,0,0,32.08333333,0,0,18.33333333,0,0,4.583333333,0
DTP1.1,NIC,BE,MC,I,,-20,-20,-20,-20,-20,-20,-20,-20,-20,-20,-20,-20,-20,-20,-20,-20,-20,-20,-20,-20,-20,-20,-20,-20,-20,-20,-20,-20,-20,-20,-20,-20,-20,-20,-20,-20,-20,-20,-20,-20,-20,-20,-20,-20,-20,-20,-20,-20,-20,-20,-20,-20,-20,-20,-20,-20,-20,-20,-20,-20,-20,-20,-20,-20,-20,-20,-20,-20,-20,-20,-20,-20,-20,-20,-20,-20,-20,-20,-20,-20,-20,-20,-20,-20,-20,-20,-20,-20,-20,-20,-20,-20,-20,-20,-20,-20,-20,-20,-20,-20,-20,-20,-20,-20,-20,-20,-20,-20,-20,-20,-20,-20,-20,-20,-20,-20,-20,-20,-20,-20,-20,-20,-20,-20,-20,-20,-20,-20,-20,-20,-20,-20,-19.16666667,-18.33333333,-17.5,-16.66666667,-15.83333333,-15,-14.16666667,-13.33333333,-12.5,-11.66666667,-10.83333333,-10,-9.166666667,-8.333333333,-7.5,-6.666666667,-5.833333333,-5,-4.166666667,-3.333333333,-2.5,-1.666666667,-0.833333333,0
DTP1.1,,RA,MC,I,,-2,-2,-2,-2,-2,-2,-2,-2,-2,-2,-2,-2,-2,-2,-2,-2,-2,-2,-2,-2,-2,-2,-2,-2,-2,-2,-2,-2,-2,-2,-2,-2,-2,-2,-2,-2,-2,-2,-2,-2,-2,-2,-2,-2,-2,-2,-2,-2,-2,-2,-2,-2,-2,-2,-2,-2,-2,-2,-2,-2,-2,-2,-2,-2,-2,-2,-2,-2,-2,-2,-2,-2,-2,-2,-2,-2,-2,-2,-2,-2,-2,-2,-2,-2,-2,-2,-2,-2,-2,-2,-2,-2,-2,-2,-2,-2,-2,-2,-2,-2,-2,-2,-2,-2,-2,-2,-2,-2,-2,-2,-2,-2,-2,-2,-2,-2,-2,-2,-2,-2,-2,-2,-2,-2,-2,-2,-2,-2,-2,-2,-2,-2,-1.916666667,-1.833333333,-1.75,-1.666666667,-1.583333333,-1.5,-1.416666667,-1.333333333,-1.25,-1.166666667,-1.083333333,-1,-0.916666667,-0.833333333,-0.75,-0.666666667,-0.583333333,-0.5,-0.416666667,-0.333333333,-0.25,-0.166666667,-0.083333333,0
DTP1.1,PR,BE,AU,I,,0,110,0,0,110,0,0,110,0,0,110,0,0,111,0,0,111,0,0,111,0,0,111,0,0,111,0,0,111,0,0,111,0,0,111,0,0,111,0,0,111,0,0,111,0,0,111,0,0,111,0,0,111,0,0,111,0,0,111,0,0,111,0,0,111,0,0,111,0,0,111,0,0,111,0,0,111,0,0,111,0,0,111,0,0,111,0,0,111,0,0,111,0,0,111,0,0,111,0,0,111,0,0,111,0,0,111,0,0,111,0,0,111,0,0,111,0,0,111,0,0,111,0,0,111,0,0,111,0,0,111,0,0,101.75,0,0,87.875,0,0,74,0,0,60.125,0,0,46.25,0,0,32.375,0,0,18.5,0,0,4.625,0
DTP1.1,NIC,BE,AU,I,,-21,-21,-21,-21,-21,-21,-21,-21,-21,-21,-21,-21,-21,-21,-21,-21,-21,-21,-21,-21,-21,-21,-21,-21,-21,-21,-21,-21,-21,-21,-21,-21,-21,-21,-21,-21,-21,-21,-21,-21,-21,-21,-21,-21,-21,-21,-21,-21,-21,-21,-21,-21,-21,-21,-21,-21,-21,-21,-21,-21,-21,-21,-21,-21,-21,-21,-21,-21,-21,-21,-21,-21,-21,-21,-21,-21,-21,-21,-21,-21,-21,-21,-21,-21,-21,-21,-21,-21,-21,-21,-21,-21,-21,-21,-21,-21,-21,-21,-21,-21,-21,-21,-21,-21,-21,-21,-21,-21,-21,-21,-21,-21,-21,-21,-21,-21,-21,-21,-21,-21,-21,-21,-21,-21,-21,-21,-21,-21,-21,-21,-21,-21,-20.125,-19.25,-18.375,-17.5,-16.625,-15.75,-14.875,-14,-13.125,-12.25,-11.375,-10.5,-9.625,-8.75,-7.875,-7,-6.125,-5.25,-4.375,-3.5,-2.625,-1.75,-0.875,0
DTP1.1,,RA,AU,I,,-2,-2,-2,-2,-2,-2,-2,-2,-2,-2,-2,-2,-2,-2,-2,-2,-2,-2,-2,-2,-2,-2,-2,-2,-2,-2,-2,-2,-2,-2,-2,-2,-2,-2,-2,-2,-2,-2,-2,-2,-2,-2,-2,-2,-2,-2,-2,-2,-2,-2,-2,-2,-2,-2,-2,-2,-2,-2,-2,-2,-2,-2,-2,-2,-2,-2,-2,-2,-2,-2,-2,-2,-2,-2,-2,-2,-2,-2,-2,-2,-2,-2,-2,-2,-2,-2,-2,-2,-2,-2,-2,-2,-2,-2,-2,-2,-2,-2,-2,-2,-2,-2,-2,-2,-2,-2,-2,-2,-2,-2,-2,-2,-2,-2,-2,-2,-2,-2,-2,-2,-2,-2,-2,-2,-2,-2,-2,-2,-2,-2,-2,-2,-1.916666667,-1.833333333,-1.75,-1.666666667,-1.583333333,-1.5,-1.416666667,-1.333333333,-1.25,-1.166666667,-1.083333333,-1,-0.916666667,-0.833333333,-0.75,-0.666666667,-0.583333333,-0.5,-0.416666667,-0.333333333,-0.25,-0.166666667,-0.083333333,0
DTP1.1,PR,BE,EV,I,,0,110,0,0,110,0,0,110,0,0,110,0,0,110,0,0,110,0,0,110,0,0,110,0,0,110,0,0,110,0,0,110,0,0,110,0,0,110,0,0,110,0,0,110,0,0,110,0,0,110,0,0,110,0,0,110,0,0,110,0,0,110,0,0,110,0,0,110,0,0,110,0,0,110,0,0,110,0,0,110,0,0,110,0,0,110,0,0,110,0,0,110,0,0,110,0,0,110,0,0,110,0,0,110,0,0,110,0,0,110,0,0,110,0,0,110,0,0,110,0,0,110,0,0,110,0,0,110,0,0,110,0,0,100.8333333,0,0,87.08333333,0,0,73.33333333,0,0,59.58333333,0,0,45.83333333,0,0,32.08333333,0,0,18.33333333,0,0,4.583333333,0
DTP1.1,NIC,BE,EV,I,,-20,-20,-20,-20,-20,-20,-20,-20,-20,-20,-20,-20,-20,-20,-20,-20,-20,-20,-20,-20,-20,-20,-20,-20,-20,-20,-20,-20,-20,-20,-20,-20,-20,-20,-20,-20,-20,-20,-20,-20,-20,-20,-20,-20,-20,-20,-20,-20,-20,-20,-20,-20,-20,-20,-20,-20,-20,-20,-20,-20,-20,-20,-20,-20,-20,-20,-20,-20,-20,-20,-20,-20,-20,-20,-20,-20,-20,-20,-20,-20,-20,-20,-20,-20,-20,-20,-20,-20,-20,-20,-20,-20,-20,-20,-20,-20,-20,-20,-20,-20,-20,-20,-20,-20,-20,-20,-20,-20,-20,-20,-20,-20,-20,-20,-20,-20,-20,-20,-20,-20,-20,-20,-20,-20,-20,-20,-20,-20,-20,-20,-20,-20,-19.16666667,-18.33333333,-17.5,-16.66666667,-15.83333333,-15,-14.16666667,-13.33333333,-12.5,-11.66666667,-10.83333333,-10,-9.166666667,-8.333333333,-7.5,-6.666666667,-5.833333333,-5,-4.166666667,-3.333333333,-2.5,-1.666666667,-0.833333333,0
DTP1.1,,RA,EV,I,,-2,-2,-2,-2,-2,-2,-2,-2,-2,-2,-2,-2,-2,-2,-2,-2,-2,-2,-2,-2,-2,-2,-2,-2,-2,-2,-2,-2,-2,-2,-2,-2,-2,-2,-2,-2,-2,-2,-2,-2,-2,-2,-2,-2,-2,-2,-2,-2,-2,-2,-2,-2,-2,-2,-2,-2,-2,-2,-2,-2,-2,-2,-2,-2,-2,-2,-2,-2,-2,-2,-2,-2,-2,-2,-2,-2,-2,-2,-2,-2,-2,-2,-2,-2,-2,-2,-2,-2,-2,-2,-2,-2,-2,-2,-2,-2,-2,-2,-2,-2,-2,-2,-2,-2,-2,-2,-2,-2,-2,-2,-2,-2,-2,-2,-2,-2,-2,-2,-2,-2,-2,-2,-2,-2,-2,-2,-2,-2,-2,-2,-2,-2,-1.916666667,-1.833333333,-1.75,-1.666666667,-1.583333333,-1.5,-1.416666667,-1.333333333,-1.25,-1.166666667,-1.083333333,-1,-0.916666667,-0.833333333,-0.75,-0.666666667,-0.583333333,-0.5,-0.416666667,-0.333333333,-0.25,-0.166666667,-0.083333333,0
DTP1.1,PR,BE,BOP,N,,0,10,0,0,10,0,0,10,0,0,10,0,0,10,0,0,10,0,0,10,0,0,10,0,0,10,0,0,10,0,0,10,0,0,10,0,0,10,0,0,10,0,0,10,0,0,10,0,0,10,0,0,10,0,0,10,0,0,10,0,0,10,0,0,10,0,0,10,0,0,10,0,0,10,0,0,10,0,0,10,0,0,10,0,0,10,0,0,10,0,0,10,0,0,10,0,0,10,0,0,10,0,0,10,0,0,10,0,0,10,0,0,10,0,0,10,0,0,10,0,0,10,0,0,10,0,0,10,0,0,10,0,0,9.166666667,0,0,7.916666667,0,0,6.666666667,0,0,5.416666667,0,0,4.166666667,0,0,2.916666667,0,0,1.666666667,0,0,0.416666667,0
DTP1.1,NIC,BE,BOP,N,,-4,-4,-4,-4,-4,-4,-4,-4,-4,-4,-4,-4,-4,-4,-4,-4,-4,-4,-4,-4,-4,-4,-4,-4,-4,-4,-4,-4,-4,-4,-4,-4,-4,-4,-4,-4,-4,-4,-4,-4,-4,-4,-4,-4,-4,-4,-4,-4,-4,-4,-4,-4,-4,-4,-4,-4,-4,-4,-4,-4,-4,-4,-4,-4,-4,-4,-4,-4,-4,-4,-4,-4,-4,-4,-4,-4,-4,-4,-4,-4,-4,-4,-4,-4,-4,-4,-4,-4,-4,-4,-4,-4,-4,-4,-4,-4,-4,-4,-4,-4,-4,-4,-4,-4,-4,-4,-4,-4,-4,-4,-4,-4,-4,-4,-4,-4,-4,-4,-4,-4,-4,-4,-4,-4,-4,-4,-4,-4,-4,-4,-4,-4,-3.833333333,-3.666666667,-3.5,-3.333333333,-3.166666667,-3,-2.833333333,-2.666666667,-2.5,-2.333333333,-2.166666667,-2,-1.833333333,-1.666666667,-1.5,-1.333333333,-1.166666667,-1,-0.833333333,-0.666666667,-0.5,-0.333333333,-0.166666667,0
DTP1.1,,RA,BOP,N,,-1,-1,-1,-1,-1,-1,-1,-1,-1,-1,-1,-1,-1,-1,-1,-1,-1,-1,-1,-1,-1,-1,-1,-1,-1,-1,-1,-1,-1,-1,-1,-1,-1,-1,-1,-1,-1,-1,-1,-1,-1,-1,-1,-1,-1,-1,-1,-1,-1,-1,-1,-1,-1,-1,-1,-1,-1,-1,-1,-1,-1,-1,-1,-1,-1,-1,-1,-1,-1,-1,-1,-1,-1,-1,-1,-1,-1,-1,-1,-1,-1,-1,-1,-1,-1,-1,-1,-1,-1,-1,-1,-1,-1,-1,-1,-1,-1,-1,-1,-1,-1,-1,-1,-1,-1,-1,-1,-1,-1,-1,-1,-1,-1,-1,-1,-1,-1,-1,-1,-1,-1,-1,-1,-1,-1,-1,-1,-1,-1,-1,-1,-1,-0.958333333,-0.916666667,-0.875,-0.833333333,-0.791666667,-0.75,-0.708333333,-0.666666667,-0.625,-0.583333333,-0.541666667,-0.5,-0.458333333,-0.416666667,-0.375,-0.333333333,-0.291666667,-0.25,-0.208333333,-0.166666667,-0.125,-0.083333333,-0.041666667,0
DTP1.1,PR,BE,MC,N,,0,6,0,0,6,0,0,6,0,0,6,0,0,6,0,0,6,0,0,6,0,0,6,0,0,6,0,0,6,0,0,6,0,0,6,0,0,6,0,0,6,0,0,6,0,0,6,0,0,6,0,0,6,0,0,6,0,0,6,0,0,6,0,0,6,0,0,6,0,0,6,0,0,6,0,0,6,0,0,6,0,0,6,0,0,6,0,0,6,0,0,6,0,0,6,0,0,6,0,0,6,0,0,6,0,0,6,0,0,6,0,0,6,0,0,6,0,0,6,0,0,6,0,0,6,0,0,6,0,0,6,0,0,5.5,0,0,4.75,0,0,4,0,0,3.25,0,0,2.5,0,0,1.75,0,0,1,0,0,0.25,0
DTP1.1,NIC,BE,MC,N,,0,-9.5,0,-9.5,-9.5,-9.5,-9.5,-9.5,-9.5,-9.5,-9.5,-9.5,-9.5,-9.5,-9.5,-9.5,-9.5,-9.5,-9.5,-9.5,-9.5,-9.5,-9.5,-9.5,-9.5,-9.5,-9.5,-9.5,-9.5,-9.5,-9.5,-9.5,-9.5,-9.5,-9.5,-9.5,-9.5,-9.5,-9.5,-9.5,-9.5,-9.5,-9.5,-9.5,-9.5,-9.5,-9.5,-9.5,-9.5,-9.5,-9.5,-9.5,-9.5,-9.5,-9.5,-9.5,-9.5,-9.5,-9.5,-9.5,-9.5,-9.5,-9.5,-9.5,-9.5,-9.5,-9.5,-9.5,-9.5,-9.5,-9.5,-9.5,-9.5,-9.5,-9.5,-9.5,-9.5,-9.5,-9.5,-9.5,-9.5,-9.5,-9.5,-9.5,-9.5,-9.5,-9.5,-9.5,-9.5,-9.5,-9.5,-9.5,-9.5,-9.5,-9.5,-9.5,-9.5,-9.5,-9.5,-9.5,-9.5,-9.5,-9.5,-9.5,-9.5,-9.5,-9.5,-9.5,-9.5,-9.5,-9.5,-9.5,-9.5,-9.5,-9.5,-9.5,-9.5,-9.5,-9.5,-9.5,-9.5,-9.5,-9.5,-9.5,-9.5,-9.5,-9.5,-9.5,-9.5,-9.5,-9.5,-9.5,-9.104166667,-8.708333333,-8.3125,-7.916666667,-7.520833333,-7.125,-6.729166667,-6.333333333,-5.9375,-5.541666667,-5.145833333,-4.75,-4.354166667,-3.958333333,-3.5625,-3.166666667,-2.770833333,-2.375,-1.979166667,-1.583333333,-1.1875,-0.791666667,-0.395833333,0
DTP1.1,,RA,MC,N,,0,-0.75,0,-0.75,-0.75,-0.75,-0.75,-0.75,-0.75,-0.75,-0.75,-0.75,-0.75,-0.75,-0.75,-0.75,-0.75,-0.75,-0.75,-0.75,-0.75,-0.75,-0.75,-0.75,-0.75,-0.75,-0.75,-0.75,-0.75,-0.75,-0.75,-0.75,-0.75,-0.75,-0.75,-0.75,-0.75,-0.75,-0.75,-0.75,-0.75,-0.75,-0.75,-0.75,-0.75,-0.75,-0.75,-0.75,-0.75,-0.75,-0.75,-0.75,-0.75,-0.75,-0.75,-0.75,-0.75,-0.75,-0.75,-0.75,-0.75,-0.75,-0.75,-0.75,-0.75,-0.75,-0.75,-0.75,-0.75,-0.75,-0.75,-0.75,-0.75,-0.75,-0.75,-0.75,-0.75,-0.75,-0.75,-0.75,-0.75,-0.75,-0.75,-0.75,-0.75,-0.75,-0.75,-0.75,-0.75,-0.75,-0.75,-0.75,-0.75,-0.75,-0.75,-0.75,-0.75,-0.75,-0.75,-0.75,-0.75,-0.75,-0.75,-0.75,-0.75,-0.75,-0.75,-0.75,-0.75,-0.75,-0.75,-0.75,-0.75,-0.75,-0.75,-0.75,-0.75,-0.75,-0.75,-0.75,-0.75,-0.75,-0.75,-0.75,-0.75,-0.75,-0.75,-0.75,-0.75,-0.75,-0.75,-0.75,-0.71875,-0.6875,-0.65625,-0.625,-0.59375,-0.5625,-0.53125,-0.5,-0.46875,-0.4375,-0.40625,-0.375,-0.34375,-0.3125,-0.28125,-0.25,-0.21875,-0.1875,-0.15625,-0.125,-0.09375,-0.0625,-0.03125,0
DTP1.1,PR,BE,AU,N,,0,0,0,0,10,0,0,10,0,0,10,0,0,10,0,0,10,0,0,10,0,0,10,0,0,10,0,0,10,0,0,10,0,0,10,0,0,10,0,0,10,0,0,10,0,0,10,0,0,10,0,0,10,0,0,10,0,0,10,0,0,10,0,0,10,0,0,10,0,0,10,0,0,10,0,0,10,0,0,10,0,0,10,0,0,10,0,0,10,0,0,10,0,0,10,0,0,10,0,0,10,0,0,10,0,0,10,0,0,10,0,0,10,0,0,10,0,0,10,0,0,10,0,0,10,0,0,10,0,0,10,0,0,9.166666667,0,0,7.916666667,0,0,6.666666667,0,0,5.416666667,0,0,4.166666667,0,0,2.916666667,0,0,1.666666667,0,0,0.416666667,0
DTP1.1,NIC,BE,AU,N,,0,0,0,-4,-4,-4,-4,-4,-4,-4,-4,-4,-4,-4,-4,-4,-4,-4,-4,-4,-4,-4,-4,-4,-4,-4,-4,-4,-4,-4,-4,-4,-4,-4,-4,-4,-4,-4,-4,-4,-4,-4,-4,-4,-4,-4,-4,-4,-4,-4,-4,-4,-4,-4,-4,-4,-4,-4,-4,-4,-4,-4,-4,-4,-4,-4,-4,-4,-4,-4,-4,-4,-4,-4,-4,-4,-4,-4,-4,-4,-4,-4,-4,-4,-4,-4,-4,-4,-4,-4,-4,-4,-4,-4,-4,-4,-4,-4,-4,-4,-4,-4,-4,-4,-4,-4,-4,-4,-4,-4,-4,-4,-4,-4,-4,-4,-4,-4,-4,-4,-4,-4,-4,-4,-4,-4,-4,-4,-4,-4,-4,-4,-3.833333333,-3.666666667,-3.5,-3.333333333,-3.166666667,-3,-2.833333333,-2.666666667,-2.5,-2.333333333,-2.166666667,-2,-1.833333333,-1.666666667,-1.5,-1.333333333,-1.166666667,-1,-0.833333333,-0.666666667,-0.5,-0.333333333,-0.166666667,0
DTP1.1,,RA,AU,N,,0,0,0,-1,-1,-1,-1,-1,-1,-1,-1,-1,-1,-1,-1,-1,-1,-1,-1,-1,-1,-1,-1,-1,-1,-1,-1,-1,-1,-1,-1,-1,-1,-1,-1,-1,-1,-1,-1,-1,-1,-1,-1,-1,-1,-1,-1,-1,-1,-1,-1,-1,-1,-1,-1,-1,-1,-1,-1,-1,-1,-1,-1,-1,-1,-1,-1,-1,-1,-1,-1,-1,-1,-1,-1,-1,-1,-1,-1,-1,-1,-1,-1,-1,-1,-1,-1,-1,-1,-1,-1,-1,-1,-1,-1,-1,-1,-1,-1,-1,-1,-1,-1,-1,-1,-1,-1,-1,-1,-1,-1,-1,-1,-1,-1,-1,-1,-1,-1,-1,-1,-1,-1,-1,-1,-1,-1,-1,-1,-1,-1,-1,-0.958333333,-0.916666667,-0.875,-0.833333333,-0.791666667,-0.75,-0.708333333,-0.666666667,-0.625,-0.583333333,-0.541666667,-0.5,-0.458333333,-0.416666667,-0.375,-0.333333333,-0.291666667,-0.25,-0.208333333,-0.166666667,-0.125,-0.083333333,-0.041666667,0
DTP1.1,PR,BE,EV,N,,0,0,0,0,5,0,0,5,0,0,5,0,0,5,0,0,5,0,0,5,0,0,5,0,0,5,0,0,5,0,0,5,0,0,5,0,0,5,0,0,5,0,0,5,0,0,5,0,0,5,0,0,5,0,0,5,0,0,5,0,0,5,0,0,5,0,0,5,0,0,5,0,0,5,0,0,5,0,0,5,0,0,5,0,0,5,0,0,5,0,0,5,0,0,5,0,0,5,0,0,5,0,0,5,0,0,5,0,0,5,0,0,5,0,0,5,0,0,5,0,0,5,0,0,5,0,0,5,0,0,5,0,0,4.583333333,0,0,3.958333333,0,0,3.333333333,0,0,2.708333333,0,0,2.083333333,0,0,1.458333333,0,0,0.833333333,0,0,0.208333333,0
DTP1.1,NIC,BE,EV,N,,0,0,0,-9,-9,-9,-9,-9,-9,-9,-9,-9,-9,-9,-9,-9,-9,-9,-9,-9,-9,-9,-9,-9,-9,-9,-9,-9,-9,-9,-9,-9,-9,-9,-9,-9,-9,-9,-9,-9,-9,-9,-9,-9,-9,-9,-9,-9,-9,-9,-9,-9,-9,-9,-9,-9,-9,-9,-9,-9,-9,-9,-9,-9,-9,-9,-9,-9,-9,-9,-9,-9,-9,-9,-9,-9,-9,-9,-9,-9,-9,-9,-9,-9,-9,-9,-9,-9,-9,-9,-9,-9,-9,-9,-9,-9,-9,-9,-9,-9,-9,-9,-9,-9,-9,-9,-9,-9,-9,-9,-9,-9,-9,-9,-9,-9,-9,-9,-9,-9,-9,-9,-9,-9,-9,-9,-9,-9,-9,-9,-9,-9,-8.625,-8.25,-7.875,-7.5,-7.125,-6.75,-6.375,-6,-5.625,-5.25,-4.875,-4.5,-4.125,-3.75,-3.375,-3,-2.625,-2.25,-1.875,-1.5,-1.125,-0.75,-0.375,0
DTP1.1,,RA,EV,N,,0,0,0,-0.5,-0.5,-0.5,-0.5,-0.5,-0.5,-0.5,-0.5,-0.5,-0.5,-0.5,-0.5,-0.5,-0.5,-0.5,-0.5,-0.5,-0.5,-0.5,-0.5,-0.5,-0.5,-0.5,-0.5,-0.5,-0.5,-0.5,-0.5,-0.5,-0.5,-0.5,-0.5,-0.5,-0.5,-0.5,-0.5,-0.5,-0.5,-0.5,-0.5,-0.5,-0.5,-0.5,-0.5,-0.5,-0.5,-0.5,-0.5,-0.5,-0.5,-0.5,-0.5,-0.5,-0.5,-0.5,-0.5,-0.5,-0.5,-0.5,-0.5,-0.5,-0.5,-0.5,-0.5,-0.5,-0.5,-0.5,-0.5,-0.5,-0.5,-0.5,-0.5,-0.5,-0.5,-0.5,-0.5,-0.5,-0.5,-0.5,-0.5,-0.5,-0.5,-0.5,-0.5,-0.5,-0.5,-0.5,-0.5,-0.5,-0.5,-0.5,-0.5,-0.5,-0.5,-0.5,-0.5,-0.5,-0.5,-0.5,-0.5,-0.5,-0.5,-0.5,-0.5,-0.5,-0.5,-0.5,-0.5,-0.5,-0.5,-0.5,-0.5,-0.5,-0.5,-0.5,-0.5,-0.5,-0.5,-0.5,-0.5,-0.5,-0.5,-0.5,-0.5,-0.5,-0.5,-0.5,-0.5,-0.5,-0.479166667,-0.458333333,-0.4375,-0.416666667,-0.395833333,-0.375,-0.354166667,-0.333333333,-0.3125,-0.291666667,-0.270833333,-0.25,-0.229166667,-0.208333333,-0.1875,-0.166666667,-0.145833333,-0.125,-0.104166667,-0.083333333,-0.0625,-0.041666667,-0.020833333,0
DTP1.1,PR,BE,CL,C,,0,0,0,0,115,0,0,115,0,0,115,0,0,115,0,0,115,0,0,115,0,0,115,0,0,115,0,0,115,0,0,115,0,0,115,0,0,115,0,0,115,0,0,115,0,0,115,0,0,115,0,0,115,0,0,115,0,0,115,0,0,115,0,0,115,0,0,115,0,0,115,0,0,115,0,0,115,0,0,115,0,0,115,0,0,115,0,0,115,0,0,115,0,0,115,0,0,115,0,0,115,0,0,115,0,0,115,0,0,115,0,0,115,0,0,115,0,0,115,0,0,115,0,0,115,0,0,115,0,0,115,0,0,105.4166667,0,0,91.04166667,0,0,76.66666667,0,0,62.29166667,0,0,47.91666667,0,0,33.54166667,0,0,19.16666667,0,0,4.791666667,0
DTP1.1,NIC,BE,CL,C,,0,0,0,-29,-29,-29,-29,-29,-29,-29,-29,-29,-29,-29,-29,-29,-29,-29,-29,-29,-29,-29,-29,-29,-29,-29,-29,-29,-29,-29,-29,-29,-29,-29,-29,-29,-29,-29,-29,-29,-29,-29,-29,-29,-29,-29,-29,-29,-29,-29,-29,-29,-29,-29,-29,-29,-29,-29,-29,-29,-29,-29,-29,-29,-29,-29,-29,-29,-29,-29,-29,-29,-29,-29,-29,-29,-29,-29,-29,-29,-29,-29,-29,-29,-29,-29,-29,-29,-29,-29,-29,-29,-29,-29,-29,-29,-29,-29,-29,-29,-29,-29,-29,-29,-29,-29,-29,-29,-29,-29,-29,-29,-29,-29,-29,-29,-29,-29,-29,-29,-29,-29,-29,-29,-29,-29,-29,-29,-29,-29,-29,-29,-27.79166667,-26.58333333,-25.375,-24.16666667,-22.95833333,-21.75,-20.54166667,-19.33333333,-18.125,-16.91666667,-15.70833333,-14.5,-13.29166667,-12.08333333,-10.875,-9.666666667,-8.458333333,-7.25,-6.041666667,-4.833333333,-3.625,-2.416666667,-1.208333333,0
DTP1.1,CU,P,CL,C,,-15,-15,-15,-15,-15,-15,-15,-15,-15,-15,-15,-15,-15,-7,-7,-7,-7,-7,-7,-7,-7,-7,-7,-5,-15,-7,-7,-7,-7,-7,-7,-7,-7,-7,-7,-5,-15,-7,-7,-7,-7,-7,-7,-7,-7,-7,-7,-5,-15,-7,-7,-7,-7,-7,-7,-7,-7,-7,-7,-5,-15,-7,-7,-7,-7,-7,-7,-7,-7,-7,-7,-5,-15,-7,-7,-7,-7,-7,-7,-7,-7,-7,-7,-5,-15,-7,-7,-7,-7,-7,-7,-7,-7,-7,-7,-5,-15,-7,-7,-7,-7,-7,-7,-7,-7,-7,-7,-5,-15,-7,-7,-7,-7,-7,-7,-7,-7,-7,-7,-5,-15,-7,-7,-7,-7,-7,-7,-7,-7,-7,-7,-5,-4.791666667,-4.583333333,-4.375,-4.166666667,-3.958333333,-3.75,-3.541666667,-3.333333333,-3.125,-2.916666667,-2.708333333,-2.5,-2.291666667,-2.083333333,-1.875,-1.666666667,-1.458333333,-1.25,-1.041666667,-0.833333333,-0.625,-0.416666667,-0.208333333,0
DTP1.1,,RA,CL,C,,0,0,0,-2.5,-2.5,-2.5,-2.5,-2.5,-2.5,-2.5,-2.5,-2.5,-2.5,-2.5,-2.5,-2.5,-2.5,-2.5,-2.5,-2.5,-2.5,-2.5,-2.5,-2.5,-2.5,-2.5,-2.5,-2.5,-2.5,-2.5,-2.5,-2.5,-2.5,-2.5,-2.5,-2.5,-2.5,-2.5,-2.5,-2.5,-2.5,-2.5,-2.5,-2.5,-2.5,-2.5,-2.5,-2.5,-2.5,-2.5,-2.5,-2.5,-2.5,-2.5,-2.5,-2.5,-2.5,-2.5,-2.5,-2.5,-2.5,-2.5,-2.5,-2.5,-2.5,-2.5,-2.5,-2.5,-2.5,-2.5,-2.5,-2.5,-2.5,-2.5,-2.5,-2.5,-2.5,-2.5,-2.5,-2.5,-2.5,-2.5,-2.5,-2.5,-2.5,-2.5,-2.5,-2.5,-2.5,-2.5,-2.5,-2.5,-2.5,-2.5,-2.5,-2.5,-2.5,-2.5,-2.5,-2.5,-2.5,-2.5,-2.5,-2.5,-2.5,-2.5,-2.5,-2.5,-2.5,-2.5,-2.5,-2.5,-2.5,-2.5,-2.5,-2.5,-2.5,-2.5,-2.5,-2.5,-2.5,-2.5,-2.5,-2.5,-2.5,-2.5,-2.5,-2.5,-2.5,-2.5,-2.5,-2.5,-2.395833333,-2.291666667,-2.1875,-2.083333333,-1.979166667,-1.875,-1.770833333,-1.666666667,-1.5625,-1.458333333,-1.354166667,-1.25,-1.145833333,-1.041666667,-0.9375,-0.833333333,-0.729166667,-0.625,-0.520833333,-0.416666667,-0.3125,-0.208333333,-0.104166667,0
DTP1.1,DAE,BE,BOP,N,,-2,-2,-2,-2,-2,-2,-2,-2,-2,-2,-2,-2,-2,-2,-2,-2,-2,-2,-2,-2,-2,-2,-2,-2,-2,-2,-2,-2,-2,-2,-2,-2,-2,-2,-2,-2,-2,-2,-2,-2,-2,-2,-2,-2,-2,-2,-2,-2,-2,-2,-2,-2,-2,-2,-2,-2,-2,-2,-2,-2,-2,-2,-2,-2,-2,-2,-2,-2,-2,-2,-2,-2,-2,-2,-2,-2,-2,-2,-2,-2,-2,-2,-2,-2,-2,-2,-2,-2,-2,-2,-2,-2,-2,-2,-2,-2,-2,-2,-2,-2,-2,-2,-2,-2,-2,-2,-2,-2,-2,-2,-2,-2,-2,-2,-2,-2,-2,-2,-2,-2,-2,-2,-2,-2,-2,-2,-2,-2,-2,-2,-2,-2,-1.916666667,-1.833333333,-1.75,-1.666666667,-1.583333333,-1.5,-1.416666667,-1.333333333,-1.25,-1.166666667,-1.083333333,-1,-0.916666667,-0.833333333,-0.75,-0.666666667,-0.583333333,-0.5,-0.416666667,-0.333333333,-0.25,-0.166666667,-0.083333333,0
DTP1.1,DAE,BE,EV,N,,-4.5,-4.5,-4.5,-4.5,-4.5,-4.5,-4.5,-4.5,-4.5,-4.5,-4.5,-4.5,-4.5,-4.5,-4.5,-4.5,-4.5,-4.5,-4.5,-4.5,-4.5,-4.5,-4.5,-4.5,-4.5,-4.5,-4.5,-4.5,-4.5,-4.5,-4.5,-4.5,-4.5,-4.5,-4.5,-4.5,-4.5,-4.5,-4.5,-4.5,-4.5,-4.5,-4.5,-4.5,-4.5,-4.5,-4.5,-4.5,-4.5,-4.5,-4.5,-4.5,-4.5,-4.5,-4.5,-4.5,-4.5,-4.5,-4.5,-4.5,-4.5,-4.5,-4.5,-4.5,-4.5,-4.5,-4.5,-4.5,-4.5,-4.5,-4.5,-4.5,-4.5,-4.5,-4.5,-4.5,-4.5,-4.5,-4.5,-4.5,-4.5,-4.5,-4.5,-4.5,-4.5,-4.5,-4.5,-4.5,-4.5,-4.5,-4.5,-4.5,-4.5,-4.5,-4.5,-4.5,-4.5,-4.5,-4.5,-4.5,-4.5,-4.5,-4.5,-4.5,-4.5,-4.5,-4.5,-4.5,-4.5,-4.5,-4.5,-4.5,-4.5,-4.5,-4.5,-4.5,-4.5,-4.5,-4.5,-4.5,-4.5,-4.5,-4.5,-4.5,-4.5,-4.5,-4.5,-4.5,-4.5,-4.5,-4.5,-4.5,-4.3125,-4.125,-3.9375,-3.75,-3.5625,-3.375,-3.1875,-3,-2.8125,-2.625,-2.4375,-2.25,-2.0625,-1.875,-1.6875,-1.5,-1.3125,-1.125,-0.9375,-0.75,-0.5625,-0.375,-0.1875,0
DTP1.1,DAE,BE,CL,C,,-14.5,-14.5,-14.5,-14.5,-14.5,-14.5,-14.5,-14.5,-14.5,-14.5,-14.5,-14.5,-14.5,-14.5,-14.5,-14.5,-14.5,-14.5,-14.5,-14.5,-14.5,-14.5,-14.5,-14.5,-14.5,-14.5,-14.5,-14.5,-14.5,-14.5,-14.5,-14.5,-14.5,-14.5,-14.5,-14.5,-14.5,-14.5,-14.5,-14.5,-14.5,-14.5,-14.5,-14.5,-14.5,-14.5,-14.5,-14.5,-14.5,-14.5,-14.5,-14.5,-14.5,-14.5,-14.5,-14.5,-14.5,-14.5,-14.5,-14.5,-14.5,-14.5,-14.5,-14.5,-14.5,-14.5,-14.5,-14.5,-14.5,-14.5,-14.5,-14.5,-14.5,-14.5,-14.5,-14.5,-14.5,-14.5,-14.5,-14.5,-14.5,-14.5,-14.5,-14.5,-14.5,-14.5,-14.5,-14.5,-14.5,-14.5,-14.5,-14.5,-14.5,-14.5,-14.5,-14.5,-14.5,-14.5,-14.5,-14.5,-14.5,-14.5,-14.5,-14.5,-14.5,-14.5,-14.5,-14.5,-14.5,-14.5,-14.5,-14.5,-14.5,-14.5,-14.5,-14.5,-14.5,-14.5,-14.5,-14.5,-14.5,-14.5,-14.5,-14.5,-14.5,-14.5,-14.5,-14.5,-14.5,-14.5,-14.5,-14.5,-13.89583333,-13.29166667,-12.6875,-12.08333333,-11.47916667,-10.875,-10.27083333,-9.666666667,-9.0625,-8.458333333,-7.854166667,-7.25,-6.645833333,-6.041666667,-5.4375,-4.833333333,-4.229166667,-3.625,-3.020833333,-2.416666667,-1.8125,-1.208333333,-0.604166667,0
